亚洲,中国,,阿勒泰,AAT,
亚洲,中国,,安康,AKA,
亚洲,中国,,阿克苏,AKU,
亚洲,中国,,安庆,AQC,
亚洲,中国,,包头,BAV,
亚洲,中国,,北京,BJS,
亚洲,中国,,北海,BHY,
亚洲,中国,,保山,BSD,
亚洲,中国,,广州,CAN,
亚洲,中国,,常德,CGD,
亚洲,中国,,郑州,CGO,
亚洲,中国,,长春,CGQ,
亚洲,中国,,朝阳,CHG,
亚洲,中国,,酒泉,CHW,
亚洲,中国,,赤峰,CIF,
亚洲,中国,,长治,CIH,
亚洲,中国,,重庆,CKG,
亚洲,中国,,长海,CNI,
亚洲,中国,,长沙,CSX,
亚洲,中国,,成都,CTU,
亚洲,中国,,常州,CZX,
亚洲,中国,,大同,DAT,
亚洲,中国,,达县,DAX,
亚洲,中国,,丹东,DDG,
亚洲,中国,,大连,DLC,
亚洲,中国,,敦煌,DNH,
亚洲,中国,,大庸,DYG,
亚洲,中国,,恩施,ENH,
亚洲,中国,,延安,ENY,
亚洲,中国,,福州,FOC,
亚洲,中国,,阜阳,FUG,
亚洲,中国,,富蕴,FYN,
亚洲,中国,,格尔木,GOQ,
亚洲,中国,,广汉,GHN,
亚洲,中国,,海口,HAK,
亚洲,中国,,黑河,HEK,
亚洲,中国,,呼和浩特,HET,
亚洲,中国,,合肥,HFE,
亚洲,中国,,杭州,HGH,
亚洲,中国,,黄花机场(长沙),HHA,
亚洲,中国,,海拉尔,HLD,
亚洲,中国,,乌兰浩特,HLH,
亚洲,中国,,哈密,HMI,
亚洲,中国,,衡阳,HNY,
亚洲,中国,,哈尔滨,HRB,
亚洲,中国,,和田,HTN,
亚洲,中国,,汉中,HZG,
亚洲,中国,,银川,INC,
亚洲,中国,,且末,IQM,
亚洲,中国,,庆阳,IQN,
亚洲,中国,,景德镇,JDZ,
亚洲,中国,,嘉峪关,JGN,
亚洲,中国,,九江,JIU,
亚洲,中国,,晋江,JJN,
亚洲,中国,,佳木斯,JMU,
亚洲,中国,,库车,KCA,
亚洲,中国,,喀什,KHG,
亚洲,中国,,南昌,KHN,
亚洲,中国,,昆明,KMG,
亚洲,中国,,吉安,KNC,
亚洲,中国,,赣州,KOW,
亚洲,中国,,库尔勒,KRL,
亚洲,中国,,克拉玛依,KRY,
亚洲,中国,,贵阳,KWE,
亚洲,中国,,桂林,KWL,
亚洲,中国,,梁平,LIA,
亚洲,中国,,兰州,LHW,
亚洲,中国,,庐山,LUZ,
亚洲,中国,,拉萨,LXA,
亚洲,中国,,林西,LXI,
亚洲,中国,,连云港,LYG,
亚洲,中国,,洛阳,LYA,
亚洲,中国,,临沂,LYI,
亚洲,中国,,兰州东,LZD,
亚洲,中国,,柳州,LZH,
亚洲,中国,,牡丹江,MOG,
亚洲,中国,,梅县,MXZ,
亚洲,中国,,南充,NAO,
亚洲,中国,,齐齐哈尔,NDG,
亚洲,中国,,宁波,NGB,
亚洲,中国,,南京,NKG,
亚洲,中国,,南宁,NNG,
亚洲,中国,,南阳,NNY,
亚洲,中国,,首都机场(北京),PEK,
亚洲,中国,,上海浦东,PVG,
亚洲,中国,,上海,SHA,
亚洲,中国,,沈阳,SHE,
亚洲,中国,,山海关,SHP,
亚洲,中国,,沙市,SHS,
亚洲,中国,,西安,SIA,
亚洲,中国,,汕头,SWA,
亚洲,中国,,深圳,SZX,
亚洲,中国,,思茅,SYM,
亚洲,中国,,三亚,SYX,
亚洲,中国,,青岛,TAO,
亚洲,中国,,铜仁,TEN,
亚洲,中国,,辽通,TGO,
亚洲,中国,,济南,TNA,
亚洲,中国,,天津,TSN,
亚洲,中国,,屯溪,TXN,
亚洲,中国,,太原,TYN,
亚洲,中国,,乌鲁木齐,URC,
亚洲,中国,,榆林,UYN,
亚洲,中国,,武汉,WUH,
亚洲,中国,,万县,WXN,
亚洲,中国,,兴城,XEN,
亚洲,中国,,襄樊,XFN,
亚洲,中国,,西昌,XIC,
亚洲,中国,,锡林浩特,XIL,
亚洲,中国,,咸阳机场(西安),XIY,
亚洲,中国,,兴宁,XIN,
亚洲,中国,,厦门,XMN,
亚洲,中国,,西宁,XNN,
亚洲,中国,,徐州,XUZ,
亚洲,中国,,宜昌,YIH,
亚洲,中国,,伊宁,YIN,
亚洲,中国,,烟台,YNT,
亚洲,中国,,依兰,YLN,
亚洲,中国,,延吉,YNJ,
亚洲,中国,,昭通,ZAT,
亚洲,中国,,中川机场(兰州),ZGC,
亚洲,中国,,湛江,ZHA,
亚洲,中国,,珠海,ZUH,
亚洲,中国,广东省广州市,广州白云国际机场,CAN,
亚洲,中国,云南省昆明市,昆明长水国际机场,KMG,
亚洲,中国,湖南长沙,长沙黄花国际机场,CSX,
亚洲,中国,山东青岛,青岛流亭国际机场,TAO,
亚洲,中国,浙江宁波,宁波栎社国际机场,NGB,
亚洲,中国,湖北武汉,武汉天河国际机场,WUH,
亚洲,中国,四川成都市,成都双流国际机场,CTU,
亚洲,中国,重庆市,重庆江北国际机场,CKG,
亚洲,中国,广东省深圳市,深圳宝安国际机场,SZX,
亚洲,中国,上海市,上海浦东国际机场,PVG,
亚洲,中国,上海市,上海虹桥国际机场,SHA,
亚洲,中国,河南省郑州市,郑州新郑国际机场,CGO,
亚洲,中国,北京市,北京首都国际机场,PEK,
亚洲,阿联酋,Abu Dhabi,阿布扎比,AUH,
亚洲,印度,Ahmedabad,艾哈迈达巴德,AMD,
亚洲,阿塞拜疆,Heydar Aliyev,巴库比纳,GYD,
亚洲,哈萨克斯坦,Almaty,阿拉木图,ALA,
亚洲,马来西亚,Alor Setar,亚罗士打,AOR,
亚洲,约旦,Amman,安曼,AMM,
亚洲,土库曼斯坦,Ashgabat,阿什巴哈德,ASB,
亚洲,哈萨克斯坦,Astana,阿斯塔纳,TSE,
亚洲,哈萨克斯坦,Atyrau,阿特劳,GUW,
亚洲,菲律宾,Bacolod,巴科洛德,BCD,
亚洲,巴林,Bahrain,巴林,BAH,
亚洲,阿塞拜疆,Baku,巴库,BAK,
亚洲,印度尼西亚,Bali,巴厘,DPS,
亚洲,印度尼西亚,Balikpapan,巴厘巴板,BPN,
亚洲,文莱,Bandar Seribegaw,斯里巴加湾,BWN,
亚洲,印度,Bangalore,班加罗尔,BLR,
亚洲,泰国,Bangkok,曼谷,BKK,
亚洲,黎巴嫩,Beirut,贝鲁特,BEY,
亚洲,马来西亚,Bintulu,民都鲁,BTU,
亚洲,吉尔吉斯坦,Bishkek,比什凯克,FRU,
亚洲,吉尔吉斯坦,Bishkek,比什凯克,FRU,
亚洲,菲律宾,Butuan,武端,BXU,
亚洲,菲律宾,Cagayan De Oro,卡加延-德奥罗,CGY,
亚洲,印度,Calcutta,加尔格达,CCU,
亚洲,菲律宾,Cebu,宿务,CEB,
亚洲,韩国,Cheju,济州岛,CJU,
亚洲,印度,Chennai,金奈,MAA,
亚洲,韩国,Cheong Ju City,青州,CJJ,
亚洲,泰国,Chiang Mai,清迈,CNX,
亚洲,泰国,Chiang Rai,清莱,CEI,
亚洲,孟加拉国,Chittagong,吉大港,CGP,
亚洲,印度,Cochin,科钦,COK,
亚洲,斯里兰卡,Colombo,科伦坡,CMB,
亚洲,菲律宾,Cotabato,科塔巴托,CBO,
亚洲,叙利亚,Damascus,大马士革,DAM,
亚洲,沙特阿拉伯,Dammam,达曼,DMM,
亚洲,菲律宾,Davao,达沃,DVO,
亚洲,印度,Delhi,新德里,DEL,
亚洲,孟加拉国,Dhaka,达卡,DAC,
亚洲,菲律宾,Dipolog,第波罗,DPL,
亚洲,卡塔尔,Doha,多哈,DOH,
亚洲,阿联酋,Dubai,迪拜,DXB,
亚洲,菲律宾,Dumaguete,杜马盖地,DGT,
亚洲,塞浦路斯,ERCAN,阿尔江,ECN,
亚洲,日本,Fukuoka,福冈,FUK,
亚洲,日本,Fukushima,福岛,FKS,
亚洲,菲律宾,General Santos,桑托斯将军城,GES,
亚洲,印度,Goa,果阿,GOI,
亚洲,越南,Hanoi,河内,HAN,
亚洲,泰国,Hat Yai,合艾,HDY,
亚洲,日本,Hiroshima,广岛,HIJ,
亚洲,越南,Ho Chi Minh City,胡志明市,SGN,
亚洲,香港地区,Hongkong,香港,HKG,
亚洲,印度,Hyderabad,海得拉巴,HYD,
亚洲,菲律宾,Iloilo,伊洛伊洛,ILO,
亚洲,马来西亚,Ipoh,怡保,IPH,
亚洲,巴基斯坦,Islamabad,伊斯兰堡,ISB,
亚洲,印度尼西亚,Jakarta,雅加达,CGK,
亚洲,沙特阿拉伯,Jeddah,吉达,JED,
亚洲,马来西亚,Johor Bahru,新山,JHB,
亚洲,日本,Kagoshim,鹿儿岛,KOJ,
亚洲,菲律宾,Kalibo,卡里波,KLO,
亚洲,台湾地区,Kaohsiung,高雄,KHH,
亚洲,巴基斯坦,Karachi,卡拉齐,KHI,
亚洲,哈萨克斯坦,Karaganda,卡拉干达,KGF,
亚洲,尼泊尔,Kathmandu,加德满都,KTM,
亚洲,泰国,Khonkean,孔敬,KKC,
亚洲,泰国,Koh Samui,苏梅岛,USM,
亚洲,日本,Komatsu,小松,KMQ,
亚洲,马来西亚,Kota Bharu,哥打巴鲁,KBR,
亚洲,马来西亚,Kota Kinabalu,哥打基纳巴鲁,BKI,
亚洲,印度,Kozhikode,卡利刻特,CCJ,
亚洲,泰国,Krabi,甲米,KBV,
亚洲,马来西亚,Kuala Lumpur,吉隆坡,KUL,
亚洲,马来西亚,Kuala Terengganu,瓜拉丁加奴,TGG,
亚洲,马来西亚,Kuantan,关丹,KUA,
亚洲,马来西亚,Kuching,古晋（沙捞越）,KCH,
亚洲,科威特,Kuwait,科威特,KWI,
亚洲,韩国,Kwangju,光州,KWJ,
亚洲,马来西亚,Labuan,纳闽,LBU,
亚洲,马来西亚,Lahad Datu,拿笃,LDU,
亚洲,巴基斯坦,Lahore,拉合尔,LHE,
亚洲,马来西亚,Langkawi,兰卡威,LGK,
亚洲,菲律宾,Laoag,佬沃,LAO,
亚洲,塞浦路斯,Larnaca,拉纳卡,LCA,
亚洲,菲律宾,Legaspi,黎牙实比,LGP,
亚洲,老挝,Luang Prabang,琅勃拉邦,LPQ,
亚洲,印度,Lucknow,勒克瑙,LKO,
亚洲,澳门地区,Macau,澳门,MFM,
亚洲,马尔代夫,Male,马累,MLE,
亚洲,印度尼西亚,Manado,万鸦老,MDC,
亚洲,菲律宾,Manila,马尼拉,MNL,
亚洲,伊朗,Mashhad,马什哈德,MHD,
亚洲,印度尼西亚,Mataram,马塔兰,AMI,
亚洲,日本,Matsuyama,松山,MYJ,
亚洲,印度尼西亚,Medan,棉兰,MES,
亚洲,马来西亚,Miri,米里,MYY,
亚洲,印度,Mumbai,孟买,BOM,
亚洲,阿曼,Muscat,马斯喀特,MCT,
亚洲,菲律宾,Naga,那牙,WNP,
亚洲,日本,Nagasaki,长崎,NGS,
亚洲,日本,Nagoya,名古屋,NGO,
亚洲,日本,Niigata,新泻,KIJ,
亚洲,日本,Okayama,冈山,OKJ,
亚洲,日本,Okinawa,冲绳,OKA,
亚洲,日本,Osaka,大阪,OSA,
亚洲,印度尼西亚,Padang,巴东,PDG,
亚洲,印度尼西亚,Palembang,巨港,PLM,
亚洲,塞浦路斯,Paphos,帕福斯,PFO,
亚洲,马来西亚,Penang,槟城,PEN,
亚洲,巴基斯坦,Peshawar,白沙瓦,PEW,
亚洲,柬埔寨,Phnom Penh,金边,PNH,
亚洲,泰国,Phuket,普吉,HKT,
亚洲,菲律宾,Puerto Princesa,公主港,PPS,
亚洲,韩国,Pusan,釜山,PUS,
亚洲,沙特阿拉伯,Riyadh,利雅得,RUH,
亚洲,菲律宾,Roxa,罗哈斯,RXS,
亚洲,也门,Sanaa,萨那,SAH,
亚洲,马来西亚,Sandakan,山打根,SDK,
亚洲,日本,Sapporo,扎幌,SPK,
亚洲,韩国,Selou,汉城,SEL,
亚洲,印度尼西亚,Semarang,三宝垄,SRG,
亚洲,日本,Senda,仙台,SDJ,
亚洲,马来西亚,Sibu,锡布,SBW,
亚洲,柬埔寨,Siem Reap,暹粒（吴哥窟）,REP,
亚洲,新加坡,Singapore,新加坡,SIN,
亚洲,印度尼西亚,Solo City,索洛,SOC,
亚洲,印度尼西亚,Surabaya,泗水,SUB,
亚洲,泰国,Surat Thani,素叻,URT,
亚洲,菲律宾,Tacloban,塔克洛班,TAC,
亚洲,韩国,Taegu,大丘,TAE,
亚洲,菲律宾,Tagbilaran,塔比拉兰,TAG,
亚洲,台湾地区,Taipei,台北,TPE,
亚洲,乌兹别克斯坦,Tashkent,塔什干,TAS,
亚洲,马来西亚,Tawau,斗湖,TWU,
亚洲,伊朗,Tehran,德黑兰,THR,
亚洲,伊朗,Imam Khomeini International Airport,德黑兰,IKA,
亚洲,以色列,Telaviv,特拉维夫,TLV,
亚洲,印度,Thiruvananthapura,特里凡得琅,TRV,
亚洲,印度,Tiruchirapally,蒂鲁吉拉伯利,TRZ,
亚洲,日本,Tokyo,东京,TYO,
亚洲,日本,Tokyo,东京,NRT,
亚洲,泰国,Trang,董里,TST,
亚洲,菲律宾,Tuguegarao,土格加劳,TUG,
亚洲,泰国,Udon Thani,乌隆,UTH,
亚洲,印度尼西亚,Ujung Pandang,乌戎潘当,UPG,
亚洲,老挝,Vientiane,万象,VTE,
亚洲,缅甸,Yangon,仰光,RGN,
亚洲,印度尼西亚,Yogyakarta,日惹,JOG,
亚洲,菲律宾,Zamboanga,三宝颜,ZAM,
欧洲,丹麦,Aalborg,奥尔堡,AAL,
欧洲,英国,ABERDEEN,阿伯丁,ABZ,
欧洲,土耳其,Adana,阿达那,ADA,
欧洲,法国,Ajaccio,阿雅克肖,AJA,
欧洲,意大利,Alghero,安齐奥（撒丁岛）,AHO,
欧洲,西班牙,ALICANTE,阿利坎特,ALC,
欧洲,瑞士,Altenrhein,艾尔特瑞恩,ACH,
欧洲,荷兰,AMSTERDAM,阿姆斯特丹,AMS,
欧洲,意大利,ANCONA,安科纳,AOI,
欧洲,法国,Angers,昂热（火车站）,QXG,
欧洲,土耳其,ANKARA,安卡拉,ANK,
欧洲,法国,Annecy,阿讷西,NCY,
欧洲,土耳其,Antalya,安塔利亚,AYT,
欧洲,比利时,ANTWERP,安特卫普,ANR,
欧洲,西班牙,ASTURIAS,阿斯图利亚斯,OVD,
欧洲,希腊,Athens,雅典,ATH,
欧洲,法国,AVIGNON,阿维尼翁,AVN,
欧洲,西班牙,BARCELONA,巴塞罗那,BCN,
欧洲,意大利,Bari,巴里,BRI,
欧洲,瑞士,Basel,巴塞尔,BSL,
欧洲,法国,Bastia,巴斯蒂亚,BIA,
欧洲,英国,Belfast,贝尔法斯特,BFS,
欧洲,英国,Belfast City Apt,贝尔法斯特（城市机场）,BHD,
欧洲,南斯拉夫,Belgrade,贝尔格莱德,BEG,
欧洲,挪威,Bergen,卑尔根,BGO,
欧洲,德国,Berlin,柏林,BER,
欧洲,瑞士,BERNE,伯尔尼,BRN,
欧洲,法国,Biarritz,比亚丽兹,BIQ,
欧洲,西班牙,BILBAO,毕尔巴鄂,BIO,
欧洲,丹麦,Billund,比伦,BLL,
欧洲,英国,BIRMINGHAM,伯明翰,BHX,
欧洲,土耳其,Bodrum Milas,博德鲁姆,BJV,
欧洲,意大利,BOLOGNA,博罗尼亚,BLQ,
欧洲,法国,Bordeauxtz,波尔多,BOD,
欧洲,德国,Bremen,不来梅,BRE,
欧洲,法国,Brest,布雷斯特,BES,
欧洲,意大利,Brindisi,布林迪西,BDS,
欧洲,英国,Bristol,布里斯托,BRS,
欧洲,比利时,BRUSSELS,布鲁塞尔,BRU,
欧洲,比利时,Brussels,布鲁塞尔（火车站）,ZYR,
欧洲,罗马尼亚,BUCHAREST,布加勒斯特,BUH,
欧洲,匈牙利,BUDAPEST,布达佩斯,BUD,
欧洲,法国,Caen,卡昂,CFR,
欧洲,意大利,CAGLIARI,卡利亚里,CAG,
欧洲,法国,Calvi,卡尔维,CLY,
欧洲,英国,CARDIFF,加的夫,CWL,
欧洲,意大利,CATANIA,卡塔尼亚,CTA,
欧洲,摩尔多瓦,CHISINAU,基辛那乌,KIV,
欧洲,德国,COLOGNE,科隆,CGN,
欧洲,丹麦,Copenhagen,哥本哈根,CPH,
欧洲,爱尔兰,CORK,科克,ORK,
欧洲,意大利,Crotone,克罗托內,CRV,
欧洲,土耳其,Dalaman,达拉曼,DLM,
欧洲,土耳其,Denizli,代尼兹利,DNZ,
欧洲,土耳其,Diyarbakir,迪亚巴克尔,DIY,
欧洲,德国,Dresden,德累斯顿,DRS,
欧洲,爱尔兰,DUBLIN,都柏林,DUB,
欧洲,克罗地亚,Dubrovnik,杜勃罗夫尼克,DBV,
欧洲,德国,Dusseldorf,杜塞尔多夫,DUS,
欧洲,英国,EDINBURGH,爱丁堡,EDI,
欧洲,土耳其,Edremit/Korfez,埃德米特,EDO,
欧洲,荷兰,EINDHOVEN,埃因霍温,EIN,
欧洲,土耳其,Erzurum,俄祖汝穆,ERZ,
欧洲,葡萄牙,Faro,法鲁,FAO,
欧洲,意大利,FLORENCE,佛罗伦萨,FLR,
欧洲,德国,FRANKFURT,法兰克福,FRA,
欧洲,德国,Friedrichshafen,弗里的希哈芬,FDH,
欧洲,西班牙,FUERTEVENTURA,福特弯图拉岛,FUE,
欧洲,葡萄牙,Funchal,丰沙尔,FNC,
欧洲,土耳其,Gaziantep,加济安泰普,GZT,
欧洲,波兰,GDANSK,格但斯克,GDN,
欧洲,瑞士,GENEVA,日内瓦,GVA,
欧洲,意大利,GENOA,热那亚,GOA,
欧洲,英国,GLASGOW,格拉斯哥,GLA,
欧洲,瑞典,GOTHENBURG,歌德堡,GOT,
欧洲,奥地利,GRAZ,格拉茨,GRZ,
欧洲,法国,Grenoble,格勒诺布尔,GNB,
欧洲,德国,Hamburg,汉堡,HAM,
欧洲,德国,HANOVER,汉诺威,HAJ,
欧洲,芬兰,Helsinki,赫尔辛基,HEL,
欧洲,英国,HUMBERSIDE,亨伯赛,HUY,
欧洲,西班牙,IBIZA,伊比萨岛,IBZ,
欧洲,奥地利,INNSBRUCK,因斯布卢克,INN,
欧洲,土耳其,ISTANBUL,伊斯坦布尔,IST,
欧洲,土耳其,IZMIR,伊兹密尔,IZM,
欧洲,土耳其,Izmir Adnan Mende,伊兹米尔,ADB,
欧洲,芬兰,Joensuu,约恩苏,EUS,
欧洲,波兰,KATOWICE,卡托维兹,KTW,
欧洲,土耳其,Kayseri,开赛利,ASR,
欧洲,俄罗斯,KAZAN,喀山,KZN,
欧洲,俄罗斯,Khabarovsk,哈巴罗夫斯克,KHV,
欧洲,乌克兰,KIEV,基辅,IEV,
欧洲,奥地利,KLAGENFURT,克拉根福,KLU,
欧洲,土耳其,Konya,科尼亚,KYA,
欧洲,斯洛伐克,KOSICE,科西策,KSC,
欧洲,波兰,Krakow,克拉科夫,KRK,
欧洲,俄罗斯,KRASNOYARSK,,KJA,
欧洲,芬兰,Kuopio,库奥皮奥,KUO,
欧洲,西班牙,LA CORUNA,拉科鲁尼亚,LCG,
欧洲,意大利,Lamezia Terme,拉默齐亚,SUF,
欧洲,法国,Lannion,拉尼翁,LAI,
欧洲,西班牙,LANZAROTE,兰萨罗特,ACE,
欧洲,西班牙,LAS PALMAS,拉斯帕尔马斯,LPA,
欧洲,法国,Le Havre,勒阿弗尔,LEH,
欧洲,法国,Le Mans,勒芒（火车站）,ZLN,
欧洲,英国,LEEDS BRADFORD,利兹,LBA,
欧洲,德国,Leipzig-Halle,莱比锡-哈勒,LEJ,
欧洲,西班牙,LEON,雷翁,LEN,
欧洲,法国,LILLE,里尔,LIL,
欧洲,法国,Lille,里尔（火车站）,XDB,
欧洲,奥地利,LINZ,林茨,LNZ,
欧洲,葡萄牙,LISBON,里斯本,LIS,
欧洲,斯洛文尼亚,LJUBLJANA,卢布尔雅那,LJU,
欧洲,英国,London,伦敦,LON,
欧洲,英国,London,伦敦（希斯罗）,LHR,
欧洲,英国,London City Airport,伦敦（城市机场）,LCY,
欧洲,法国,Lorient,罗里昂,LRT,
欧洲,卢森堡,LUXEMBOURG,卢森堡,LUX,
欧洲,法国,Lyon,里昂（火车站）,XYD,
欧洲,法国,LYON,里昂,LYS,
欧洲,荷兰,Maastricht,马斯垂克,MST,
欧洲,西班牙,MADRID,马德里,MAD,
欧洲,西班牙,MALAGA,马拉加,AGP,
欧洲,土耳其,Malatya,马拉提亚,MLX,
欧洲,马耳他,MALTA,马耳他,MLA,
欧洲,英国,MANCHESTER,曼彻斯特,MAN,
欧洲,法国,Marseille,马赛,MRS,
欧洲,西班牙,MENORCA,梅诺卡岛,MAH,
欧洲,法国,Metz-Nancy,南锡-梅兹,ETZ,
欧洲,意大利,MILAN,米兰,MIL,
欧洲,意大利,Milan Linate,米兰（林内特）,LIN,
欧洲,意大利,Milan Malpensa,米兰（马尔朋萨）,MXP,
欧洲,白俄罗斯,MINSK,明斯克,MSQ,
欧洲,法国,Montpellier,蒙彼利埃,MPL,
欧洲,俄罗斯,MOSCOW,莫斯科,MOW,
欧洲,德国,MUNICH,慕尼黑,MUC,
欧洲,德国,Munich Augsburg,奥格斯堡,AGB,
欧洲,德国,Munster,明斯特,FMO,
欧洲,法国,Nantes,南特,NTE,
欧洲,意大利,NAPLES,那不勒斯,NAP,
欧洲,英国,NEWCASTLE,纽卡斯尔,NCL,
欧洲,法国,Nice,尼斯,NCE,
欧洲,俄罗斯,NIZHNIY NOVGOROD,下诺夫格罗德,GOJ,
欧洲,英国,Norwich,诺里奇,NWI,
欧洲,德国,Nuremberg,纽伦堡,NUE,
欧洲,乌克兰,Odessa,敖德萨,ODS,
欧洲,挪威,OSLO,奥斯陆,OSL,
欧洲,芬兰,Oulu,奥卢,OUL,
欧洲,意大利,Palermo,巴勒莫,PMO,
欧洲,西班牙,PALMA MALLORCA,帕尔马（马略卡岛）,PMI,
欧洲,法国,PARIS,巴黎,PAR（CDG)(ORY)(LBG),
欧洲,意大利,Parma,帕尔马,PMF,
欧洲,法国,Pau,波城,PUF,
欧洲,俄罗斯,PERM,彼尔姆,PEE,
欧洲,法国,Perpignan,佩皮尼昂,PGF,
欧洲,意大利,Perugia,佩鲁贾,PEG,
欧洲,意大利,Pescara,佩斯卡拉,PSR,
欧洲,亚速尔群岛（葡萄牙属地）,Pico Island,皮克岛,PIX,
欧洲,意大利,Pisa,比萨,PSA,
欧洲,塞黑,Podgorica,波德戈里察,TGD,
欧洲,法国,Poitiers,波亚提尔（火车站）,XOP,
欧洲,葡萄牙,PORTO,波尔图,OPO,
欧洲,波兰,POZNAN,波兹南,POZ,
欧洲,捷克,Prague,布拉格,PRG,
欧洲,塞黑,Pristina,普里什蒂纳,PRN,
欧洲,意大利,Reggio Calabria,雷焦卡拉布里亚,REG,
欧洲,法国,Rennes,雷恩,RNS,
欧洲,冰岛,Reykjavik,雷克雅未克,REK,
欧洲,拉脱维亚,RIGA,里加,RIX,
欧洲,意大利,RIMINI,里米尼,RMI,
欧洲,法国,Rodez,罗德兹,RDZ,
欧洲,意大利,ROME,罗马,ROM,
欧洲,荷兰,ROTTERDAM,鹿特丹,RTM,
欧洲,芬兰,Rovaniemi,罗瓦涅米,RVN,
欧洲,奥地利,SALZBURG,萨尔斯堡,SZG,
欧洲,俄罗斯,Samara,萨马拉,KUF,
欧洲,土耳其,Samsun Carsamba,萨姆松,SZF,
欧洲,挪威,SANDEFJORD,散纳菲尤尔,TRF,
欧洲,土耳其,Sanliurfa,萨利乌尔法,SFQ,
欧洲,西班牙,SANTIAGO DE COMPO,圣地亚哥,SCQ,
欧洲,波黑,SARAJEVO,萨拉热窝,SJJ,
欧洲,西班牙,SEVILLE,塞维利亚,SVQ,
欧洲,爱尔兰,SHANNON,香农,SNN,
欧洲,乌克兰,Simferopol,辛菲罗波尔,SIP,
欧洲,马其顿,SKOPJE,斯科普里,SKP,
欧洲,保加利亚,Sofia,索非亚,SOF,
欧洲,英国,SOUTHAMPTON,南安普顿,SOU,
欧洲,克罗地亚,Split,斯普利特,SPU,
欧洲,俄罗斯,ST PETERSBURG,圣彼得堡,LED,
欧洲,挪威,STAVANGER,斯塔凡格,SVG,
欧洲,瑞典,STOCKHOLM,斯德哥尔摩,STO,
欧洲,法国,Strasbourg,斯特拉斯堡,SXB,
欧洲,德国,STUTTGART,斯图加特,STR,
欧洲,爱沙尼亚,Tallinn,塔林,TLL,
欧洲,芬兰,Tampere,坦佩雷,TMP,
欧洲,格鲁吉亚,TBILISI,第比利斯,TBS,
欧洲,英国,TEESSIDE,泰斯,MME,
欧洲,西班牙,TENERIFE,特内里费,TCI,
欧洲,希腊,THESSALONIKI,塞萨洛尼基,SKG,
欧洲,塞黑,Timisoara,蒂米什瓦拉,TSR,
欧洲,阿尔巴尼亚,TIRANA,地拉那,TIA,
欧洲,法国,Toulouse,图卢兹,TLS,
欧洲,法国,Tours,图尔,TUF,
欧洲,土耳其,Trabzon,特拉布宗,TZX,
欧洲,意大利,TRIESTE,的里雅斯特,TRS,
欧洲,挪威,TRONDHEIM,特隆赫姆,TRD,
欧洲,意大利,TURIN,都灵,TRN,
欧洲,芬兰,Turku,图尔库,TKU,
欧洲,芬兰,Vaasa,瓦萨,VAA,
欧洲,西班牙,Valencia,巴伦西亚,VLC,
欧洲,西班牙,Valladolid,巴利亚多利德,VLL,
欧洲,土耳其,Van,凡城,VAN,
欧洲,保加利亚,Varna,瓦尔纳,VAR,
欧洲,意大利,VENICE,威尼斯,VCE,
欧洲,意大利,Verona,维罗纳,VRN,
欧洲,奥地利,Vienna,维也纳,VIE,
欧洲,西班牙,vigo,维哥,VGO,
欧洲,立陶宛,VILNIUS,维尔纽斯,VNO,
欧洲,俄罗斯,Vladivostok,符拉迪沃斯托克(海参崴),VVO,
欧洲,波兰,WARSAW,华沙,WAW,
欧洲,波兰,WROCLAW,弗罗茨瓦夫,WRO,
欧洲,亚美尼亚,YEREVAN,埃里温,EVN,
欧洲,克罗地亚,YEREVAN,萨格勒布,ZAG,
欧洲,瑞士,Zurich,苏黎世,ZRH,
南美洲,阿鲁巴,Aruba,阿鲁巴,AUA,
南美洲,哥伦比亚,Bogota,波哥达,BOG,
南美洲,荷属安的列斯,Bonaire,博内尔,BON,
南美洲,阿根廷,Buenos Aires,布宜诺斯艾利斯,BUE,
南美洲,委内瑞拉,Caracas,加拉加斯,CCS,
南美洲,法属圭亚那,Cayenne,卡宴,CAY,
南美洲,荷属安的列斯,Curacao,库腊索岛,CUR,
南美洲,马提尼克岛,Fort de France,法兰西堡,FDF,
南美洲,厄瓜多尔,Guayaquil,瓜亚基尔,GYE,
南美洲,古巴,Havana,哈瓦那,HAV,
南美洲,秘鲁,Lima,利马,LIM,
南美洲,墨西哥,Mexico City,墨西哥城,MEX,
南美洲,乌拉圭,Montevideo,蒙得维的亚,MVD,
南美洲,苏里南,Paramaribo,帕拉马里博,PBM,
南美洲,瓜德罗普岛,Pointe a Pitre,皮特瓜角,PTP,
南美洲,海地,Port au Prince,太子港,PAP,
南美洲,多米尼加共和国,Punta Cana,蓬特卡那,PUJ,
南美洲,厄瓜多尔,Quito,基多,UIO,
南美洲,巴西,Rio De Janeiro,里约热内卢,RIO,
南美洲,荷属安的列斯,Saint Maarten,圣马丁,SXM,
南美洲,智利,Santiago,圣地亚哥,SCL,
南美洲,阿根廷,Buenos Aires,布宜诺斯艾利斯,EZE,
南美洲,多米尼加共和国,Santo Domingo,圣多明戈,SDQ,
南美洲,巴西,Sao Paulo,圣保罗,SAO,
非洲,科特迪瓦,Abidjan,阿比让,ABJ,
非洲,尼日利亚,Abuja,阿布贾,ABV,
非洲,加纳,Accra,阿克拉,ACC,
非洲,埃塞俄比亚,Addis Ababa,亚的斯亚贝巴,ADD,
非洲,埃及,ALEXANDRIA,亚历山大（埃及）,ALY,
非洲,阿尔及利亚,Algiers,阿尔及尔,ALG,
非洲,马达加斯加,Antananarivo,塔那那利佛,TNR,
非洲,厄立特里亚,Asmara,阿斯马拉,ASM,
非洲,马里,Bamako,巴马科,BKO,
非洲,中非共和国,Bangui,班吉,BGF,
非洲,刚果,Brazzaville,布拉柴维尔,BZV,
非洲,埃及,Cairo,开罗,CAI,
非洲,南非,Cape Town,开普敦,CPT,
非洲,摩洛哥,Casablanca,卡萨布兰卡,CAS,
非洲,几内亚,Conakry,科纳克里,CKY,
非洲,贝宁,Cotonou,科托努,COO,
非洲,塞内加尔,Dakar,达喀尔,DKR,
非洲,坦桑尼亚,Dar Es Salaam,达累斯萨拉姆,DAR,
非洲,吉布提,Djibouti,吉布提,JIB,
非洲,喀麦隆,Douala,杜阿拉,DLA,
非洲,乌干达,Entebbe/Kampala,恩德培/坎帕拉,EBB,
非洲,南非,Johannesburg,约翰内斯堡,JNB,
非洲,尼日利亚,Kano,卡诺,KAN,
非洲,苏丹,Khartoum,喀土穆,KRT,
非洲,坦桑尼亚,Kilimanjaro,乞力马扎罗,JRO,
非洲,扎伊尔,Kinshasa,金沙萨,FIH,
非洲,尼日利亚,Lagos,拉各斯,LOS,
非洲,加蓬,Libreville,利伯维尔,LBV,
非洲,多哥,Lome,洛美,LFW,
非洲,安哥拉,Luanda,罗安达,LAD,
非洲,埃及,Luxor,卢克索,LXR,
非洲,塞舌尔,Mahe Island,马埃岛,SEZ,
非洲,赤道几内亚,Malabo,马拉博,SSG,
非洲,摩洛哥,Marrakech,马拉喀什,RAK,
非洲,毛里求斯,Mauritius,毛里求斯,MRU,
非洲,肯尼亚,Nairobi,内罗毕,NBO,
非洲,乍得,Ndjamena,恩贾梅纳,NDJ,
非洲,尼日尔,Niamey,尼亚美,NIM,
非洲,毛里塔尼亚,Nouakchott,努瓦克肖特,NKC,
非洲,布基纳法索,Ouagadougou,瓦加杜古,OUA,
非洲,刚果,Pointe Noire,黑角,PNR,
非洲,南非,Port Elizabeth,伊丽莎白港,PLZ,
非洲,尼日利亚,Port Harcourt,哈科特港,PHC,
非洲,摩洛哥,Rabat,拉巴特,RBA,
非洲,留尼汪,St Denis De La Re,圣但尼,RUN,
非洲,利比亚,Tripoli,的黎波里,TIP,
非洲,突尼斯,TUNIS,突尼斯,TUN,
非洲,津巴布韦,Victoria Falls,维多利亚大瀑布,VFA,
非洲,纳米比亚,Windhoek,温得和克,WDH,
非洲,喀麦隆,Yaounde,雅温得,YAO,
大洋洲,澳大利亚,Adelaide,阿德莱德,ADL,
大洋洲,新西兰,Auckland,奥克兰,AKL,
大洋洲,澳大利亚,Brisbane,布里斯班,BNE,
大洋洲,澳大利亚,Cairns,凯恩斯,CNS,
大洋洲,澳大利亚,Canberra,堪培拉,CBR,
大洋洲,新西兰,Christchurch,基督城,CHC,
大洋洲,澳大利亚,Darwin,达尔文,DRW,
大洋洲,新西兰,Dunedin,但尼丁,DUD,
大洋洲,澳大利亚,Gold Coast,黄金海岸,OOL,
大洋洲,关岛,Guam,关岛,GUM,
大洋洲,澳大利亚,Hobart,霍巴特,HBA,
大洋洲,澳大利亚,Launceston,郎塞斯顿,LST,
大洋洲,澳大利亚,Melbourne,墨尔本,MEL,
大洋洲,斐济,NADI,楠迪,NAN,
大洋洲,澳大利亚,Perth,佩斯,PER,
大洋洲,新西兰,Queenstown,皇后镇,ZQN,
大洋洲,北马里亚纳群岛,Saipan,塞班,SPN,
大洋洲,澳大利亚,Sydney,悉尼,SYD,
大洋洲,新西兰,Wellington,惠灵顿,WLG,
北美洲,美国,Aberdeen,阿伯丁,ABR,
北美洲,美国,Akron,阿克伦城,CAK,
北美洲,美国,Albany,奥尔巴尼,ALB,
北美洲,美国,Albuquerque,阿尔伯克基,ABQ,
北美洲,美国,Alexandria,亚历山大,ESF,
北美洲,美国,Allentown,亚林镇,ABE,
北美洲,美国,Amarillo,阿马里洛,AMA,
北美洲,美国,Anchorage,安克雷奇,ANC,
北美洲,美国,Appleton,阿普尔顿,ATW,
北美洲,美国,Arcata,阿卡达,ACV,
北美洲,美国,Aspen,白杨镇,ASE,
北美洲,美国,Atlanta,亚特兰大,ATL,
北美洲,美国,Atlantic City,大西洋城,AIY,
北美洲,美国,Augusta,奥古斯塔,AUG,
北美洲,美国,Austin,奥斯丁,AUS,
北美洲,美国,Bakersfield,贝克斯菲尔德,BFL,
北美洲,美国,Baltimore,巴尔的摩,BWI,
北美洲,美国,Bangor,班戈,BGR,
北美洲,美国,Baton Rouge,巴吞鲁日,BTR,
北美洲,美国,Bellinghan,贝灵汉,BLI,
北美洲,美国,Bemidji,伯米吉,BJI,
北美洲,美国,Billings,毕林斯,BIL,
北美洲,美国,Binghamton,宾厄姆顿,BGM,
北美洲,美国,Birmingham,伯明翰,BHM,
北美洲,美国,Bloomington,布鲁明顿,BMI,
北美洲,美国,Boise,博伊西,BOI,
北美洲,美国,Boston,波斯顿,BOS,
北美洲,美国,Bozeman,波兹曼,BZN,
北美洲,美国,Brainerd,布锐内德,BRD,
北美洲,美国,Bristol,布里斯托尔,TRI,
北美洲,美国,Buffalo,布法罗,BUF,
北美洲,美国,Burbank,布班克,BUR,
北美洲,美国,Burlington,伯灵顿,BTV,
北美洲,美国,Butte,布特,BTM,
北美洲,加拿大,Calgary,卡尔加里,YYC,
北美洲,加拿大,Campbell River,坎贝尔河,YBL,
北美洲,美国,Cedar Rapids,锡达拉皮兹,CID,
北美洲,美国,Chadron,内布拉斯加,CDR,
北美洲,美国,Champaign,香槟市,CMI,
北美洲,美国,Charieston,查尔斯顿,CRW,
北美洲,美国,"Charleston,SC",查理斯敦,CHS,
北美洲,美国,Charlotte,夏洛特,CLT,
北美洲,美国,Charlottesville,弗吉尼亚,CHO,
北美洲,加拿大,Charlottetown,夏络特镇,YYG,
北美洲,美国,Chattanooga,查塔努加,CHA,
北美洲,美国,Chicago,芝加哥,CHI,
北美洲,美国,Chicago Midway Airport,芝加哥（中途岛机场）,MDW,
北美洲,美国,Chicago O'Hare,芝加哥（奥黑尔机场）,ORD,
北美洲,美国,Chico,Chico,CIC,
北美洲,美国,Cincinnati,辛辛那提,CVG,
北美洲,美国,Cleveland,克里福兰,CLE,
北美洲,美国,Colorado Springs,科泉,COS,
北美洲,美国,Columbia,哥伦比亚,CAE,
北美洲,美国,Columbus,哥伦布,CMH,
北美洲,美国,Columbus Golden Triangle（MS）,哥伦布（金三角，密西西比州）,GTR,
北美洲,美国,Columbus（GA）,哥伦布（佐治亚洲),CSG,
北美洲,加拿大,Comox,康英克斯,YQQ,
北美洲,美国,Crescent City,新月,CEC,
北美洲,美国,Dallas,达拉斯,DFW,
北美洲,美国,Dayton,代顿,DAY,
北美洲,加拿大,Deer Lake,鹿湖,YDF,
北美洲,美国,Denver,丹佛,DEN,
北美洲,美国,Des Moines,得梅因,DSM,
北美洲,美国,Detroit,底特律,DTW,
北美洲,美国,Dodge City,Dodge City,DDC,
北美洲,美国,Dothan,多森,DHN,
北美洲,美国,Dubugui,迪比克,DBQ,
北美洲,美国,Duluth,德卢斯,DLH,
北美洲,美国,Eau Claire,奥克莱尔,EAU,
北美洲,加拿大,Edmonton,艾德蒙顿,YEG,
北美洲,美国,Erie,伊利,ERI,
北美洲,美国,Escanada,埃斯卡纳巴,ESC,
北美洲,美国,Eugene,犹吉尼,EUG,
北美洲,美国,Evansville,爱文斯维尔,EVV,
北美洲,美国,FAIRBANKS,费尔班克斯,FAI,
北美洲,美国,Fargo,法戈,FAR,
北美洲,美国,Fayetteville,菲也特维尔,FYV,
北美洲,美国,Flint,弗林特,FNT,
北美洲,美国,Fort Dodge,道奇堡,FOD,
北美洲,美国,Fort Lauderdale,劳德代尔堡,FLL,
北美洲,美国,Fort Myers,迈尔斯堡,RSW,
北美洲,美国,Fort Smith,史密斯堡,FSM,
北美洲,美国,Fort Wayne,韦恩堡,FWA,
北美洲,加拿大,Fredericton,弗雷德里克顿,YFC,
北美洲,美国,Fresno,弗列斯诺,FAT,
北美洲,加拿大,Goose Bay,鹅湾,YYR,
北美洲,美国,Grand Canyon,科罗拉多大峡谷,GCN,
北美洲,美国,Grand Forks,格蓝福克,GFK,
北美洲,美国,Grand Junction,大章克申,GJT,
北美洲,美国,Grand Rapids,大急流城,GRR,
北美洲,美国,Grand Rapids,大激流城,GPZ,
北美洲,美国,Great Falls,大瀑布市,GTF,
北美洲,美国,Green Bay,绿湾,GRB,
北美洲,美国,Greensboro,北卡罗来纳,GSO,
北美洲,美国,Greenville,格林维尔,GLH,
北美洲,美国,Gulfport,海湾港,GPT,
北美洲,美国,Gunnison,刚尼森,GUC,
北美洲,加拿大,Halifax,哈利法克斯,YHZ,
北美洲,美国,Hancock,汉考克,CMX,
北美洲,美国,Harrisburg,哈里斯堡,MDT,
北美洲,美国,Hartford,哈特福德,BDL,
北美洲,美国,Hartford Bradley,哈特福德 布拉德利,BDL,
北美洲,美国,Helena,海伦娜,HLN,
北美洲,美国,Hibbing,西宾,HIB,
北美洲,美国,Honolulu,夏威夷,HNL,
北美洲,美国,Houston,休斯顿,HOU,
北美洲,美国,Huntington,亨廷顿,HTS,
北美洲,美国,Huntsville,汉斯维尔,HSV,
北美洲,美国,Hyannis,海恩尼斯,HYA,
北美洲,美国,Idaho Falls,爱达华瀑布市,IDA,
北美洲,美国,Imperial,Imperial,IPL,
北美洲,美国,Indianapolis,印第安纳波利斯,IND,
北美洲,美国,International Fall,国际瀑布市,INL,
北美洲,美国,Inyokem,因纽肯,IYK,
北美洲,美国,Islip,艾斯利珀(纽约长岛）,ISP,
北美洲,美国,Jackson,杰克逊（密西西比州）,JAN,
北美洲,美国,Jackson,杰克逊(田纳西州）,MKL,
北美洲,美国,Jackson,杰克逊(密歇根州),JAC,
北美洲,美国,Jacksonville,杰克逊维尔,JAX,
北美洲,美国,Joplin,乔普林,JLN,
北美洲,美国,KAHULUI,卡胡卢伊,OGG,
北美洲,美国,Kalamazoo,卡拉马祖,AZO,
北美洲,美国,Kalispell,卡利斯比,FCA,
北美洲,加拿大,Kamloops,甘露市,YKA,
北美洲,美国,Kansas City,堪萨斯城,MCI,
北美洲,美国,Kansas city,堪萨斯,MKC,
北美洲,加拿大,Kelowna,基隆拿,YLW,
北美洲,加拿大,Kingston,金斯顿,YGK,
北美洲,美国,Klamath Falls,克拉玛斯瀑布市,LMT,
北美洲,美国,Knoxville,诺克斯维尔,TYS,
北美洲,美国,Kona,科纳岛,KOA,
北美洲,美国,La Crosse,拉可诺斯,LSE,
北美洲,美国,Lafayette,拉法叶,LAF,
北美洲,美国,Lansing,兰辛,LAN,
北美洲,美国,Las Vegas,拉斯维加斯,LAS,
北美洲,美国,Laurel,劳雷尔,PIB,
北美洲,美国,Lebanon,黎巴嫩,LEB,
北美洲,美国,Lewiston,莱维斯顿,LWS,
北美洲,美国,Lexington,列克星敦,LEX,
北美洲,美国,lincoln,林肯,LNK,
北美洲,美国,Little Rock,小石城,LIT,
北美洲,美国,Los Angeles,洛杉矶,LAX,
北美洲,美国,Louisville,路易斯维尔,SDF,
北美洲,美国,Lynchburg,林奇堡,LYH,
北美洲,美国,Madison,麦迪逊,MSN,
北美洲,美国,Manchester,曼彻斯特,MHT,
北美洲,美国,MANISTEE,马尼斯蒂,MBL,
北美洲,美国,Marquette,玛奎德,MQT,
北美洲,美国,Mason City,麦孙城,MCW,
北美洲,美国,Medford,梅德福,MFR,
北美洲,美国,Memphis,孟菲斯,MEM,
北美洲,美国,Meridian,迈越颠,MEI,
北美洲,美国,Miami,迈阿密,MIA,
北美洲,美国,Milwaukee,密尔沃基,MKE,
北美洲,美国,Minneapolis,明尼阿布利斯,MSP,
北美洲,美国,Minot,迈诺特,MOT,
北美洲,加拿大,Miramichi,米罗米奇,YCH,
北美洲,美国,Missoula,密苏拉,MSO,
北美洲,美国,Mobile,莫比尔,MOB,
北美洲,美国,Modesto,莫德斯托,MOD,
北美洲,美国,Moline,模林,MLI,
北美洲,加拿大,Moncton,蒙克顿,YQM,
北美洲,美国,Monroe,门罗,MLU,
北美洲,美国,Monterey,蒙特利,MRY,
北美洲,美国,Montgomery,蒙哥马利,MGM,
北美洲,加拿大,Montreal,蒙特利尔,YUL,
北美洲,美国,Montrose,密苏里,MTJ,
北美洲,美国,Moses Lake,摩西莱克,MWH,
北美洲,美国,Muscie Shoals,马斯尔肖尔斯,MSL,
北美洲,美国,Muskegon,马斯克根,MKG,
北美洲,加拿大,Nanaimo,纳奈莫,YCD,
北美洲,美国,Nantucket,楠塔基特岛,ACK,
北美洲,美国,Nashville,纳什维尔,BNA,
北美洲,美国,New Orleans,新奥尔良,MSY,
北美洲,美国,New York,纽约,NYC,
北美洲,美国,New York John F Kennedy,纽约（约翰肯尼迪机场）,JFK,
北美洲,美国,New York La Guard,纽约（拉瓜迪机场）,LGA,
北美洲,美国,Newark,纽沃克,EWR,
北美洲,美国,Newburgh,纽波夫,SWF,
北美洲,美国,Norfolk,诺福克,ORF,
北美洲,美国,North Bend,北本德,OTH,
北美洲,美国,Oakland,奥克兰(加利福尼亚州),OAK,
北美洲,美国,Oklahoma Ciyt,俄克拉荷马城,OKC,
北美洲,美国,Omaha,奥马哈,OMA,
北美洲,美国,Ontario,安大略,ONT,
北美洲,美国,Orange County,橘子郡,SNA,
北美洲,美国,Orlando,奥兰多,ORL,
北美洲,美国,Orlando International,奥兰多（国际）,MCO,
北美洲,加拿大,Ottawa,渥太华,YOW,
北美洲,美国,Owensboro,欧温斯波洛,OWB,
北美洲,美国,Oxnard,欧克斯纳,OXR,
北美洲,美国,Paducah,帕杜卡,PAH,
北美洲,美国,Palm Springs,棕榈泉,PSP,
北美洲,美国,Panama City,巴拿马城,PFN,
北美洲,美国,Pasco,帕斯科,PSC,
北美洲,美国,Pellston,佩尔斯顿,PLN,
北美洲,美国,Pendleton,彭德尔顿,PDT,
北美洲,美国,Pensacola,彭萨克拉,PNS,
北美洲,加拿大,Penticton,潘提顿,YYF,
北美洲,美国,Peoria,皮若亚,PIA,
北美洲,美国,Philadelphia,费城,PHL,
北美洲,美国,Phoenix,菲尼克斯（凤凰城）,PHX,
北美洲,美国,Pierre,皮埃尔,PIR,
北美洲,美国,Pittsburg,匹兹堡,PIT,
北美洲,美国,Pocatello,波卡特洛,PIH,
北美洲,美国,Port Angeles,安吉拉斯港,CLM,
北美洲,美国,Portland,波特兰（缅因州）,PWM,
北美洲,美国,Portland,波特兰（俄勒冈州）,PDX,
北美洲,美国,Presque Isle,普雷斯克岛,PQI,
北美洲,加拿大,Prince George,乔治王子城,YXS,
北美洲,加拿大,Prince Rupert,鲁伯特王子市,YPR,
北美洲,美国,Providence,普罗维丹斯,PVD,
北美洲,美国,Pullman,蒲门,PUW,
北美洲,加拿大,Quebec,魁北克,YQB,
北美洲,美国,Quincy,昆西,UIN,
北美洲,美国,Raleigh,罗利,RDU,
北美洲,美国,Rapid City,拉皮德城,RAP,
北美洲,美国,Redding,雷丁(宾夕法尼亚州),RDD,
北美洲,美国,Redmond,雷德蒙,RDM,
北美洲,加拿大,Regina,里贾纳,YQR,
北美洲,美国,Reno,里诺,RNO,
北美洲,美国,Rhinelander,莱恩兰德,RHI,
北美洲,美国,Richmond,里士满,RIC,
北美洲,美国,Roanoke,罗阿诺克,ROA,
北美洲,美国,Rochester,罗契斯特（明尼苏达州）,RST,
北美洲,美国,Rochester,罗契斯特（纽约州）,ROC,
北美洲,美国,Rockford,洛克福德,RFD,
北美洲,美国,Sacramento,萨克拉门托,SMF,
北美洲,美国,Saginaw,塞基诺,MBS,
北美洲,美国,Salem,塞伦,SLE,
北美洲,美国,Salt lake City,盐湖城,SLC,
北美洲,美国,San Antonio,圣安托万,SAT,
北美洲,美国,San Diego,圣迪戈,SAN,
北美洲,美国,San Diego Carlsbad,圣地亚哥 卡尔斯巴德,CLD,
北美洲,美国,San Francisco,旧金山,SFO,
北美洲,美国,San Jose,圣何塞,SJC,
北美洲,美国,San Luis Obispo,圣路易斯-奥比斯波,SBP,
北美洲,加拿大,Sanit John,圣约翰,YSJ,
北美洲,美国,Santa Barbara,圣芭芭拉,SBA,
北美洲,美国,Santa Maria,圣马利亚,SMX,
北美洲,加拿大,Sarnia,松妮亚,YZR,
北美洲,加拿大,Saskatoon,萨斯卡通,YXE,
北美洲,加拿大,Sault Ste-Marie,苏圣玛丽,YAM,
北美洲,美国,Savannah,沙凡那港市,SAV,
北美洲,美国,Seattle,西雅图,SEA,
北美洲,加拿大,Shamattawa,沙马塔瓦,ZTM,
北美洲,美国,Sheridan,科罗拉多,SHR,
北美洲,美国,Shreveport,什里夫波特,SHV,
北美洲,美国,Sious Falls,苏福尔斯,FSD,
北美洲,美国,Sioux City,苏城,SUX,
北美洲,美国,South Bend,南本德,SBN,
北美洲,美国,Spartanburg,斯巴达堡,GSP,
北美洲,美国,Spokane,士波肯,GEG,
北美洲,美国,Springfield,斯普林菲尔德,SGF,
北美洲,美国,Springfield IL,斯普林菲尔德 IL,SPI,
北美洲,加拿大,"St,John's",圣约翰斯,YYT,
北美洲,美国,St. Cloud,圣克劳德,STC,
北美洲,美国,St.Louis,圣路易斯,STL,
北美洲,美国,State College,大学城,SCE,
北美洲,美国,Steamboat Springs Hayden Yampa Valley,斯廷博特斯普林斯,HDN,
北美洲,加拿大,Sudbury,萨德伯里,YSB,
北美洲,美国,Sun Valley,太阳谷,SUN,
北美洲,美国,Superior,苏必利尔,SUW,
北美洲,加拿大,Sydney,西尼,YQY,
北美洲,美国,Syracuse,锡拉库扎,SYR,
北美洲,美国,Tampa,坦帕,TPA,
北美洲,加拿大,Terrace,德瑞司,YXT,
北美洲,美国,Thief River Falls,小偷河瀑布市,TVF,
北美洲,加拿大,Thunder Bay,雷湾,YQT,
北美洲,美国,Toledo,托莱多,TOL,
北美洲,加拿大,Toronto,多倫多,YTO,
北美洲,加拿大,Toronto,多伦多,YYZ,
北美洲,美国,Traverse City,特拉佛斯城,TVC,
北美洲,美国,Tucson,图森,TUS,
北美洲,美国,Tulsa,塔尔萨,TUL,
北美洲,美国,Tupelo,吐丕洛,TUP,
北美洲,美国,Twins Falls,双子瀑布,TWF,
北美洲,美国,Vail,威尔,EGE,
北美洲,加拿大,Val d'or,瓦多尔,YVO,
北美洲,美国,Valparaiso,万帕拉索,VPS,
北美洲,加拿大,Vancouver,温哥华,YVR,
北美洲,加拿大,Victoria,维多利亚,YYJ,
北美洲,美国,Visalia,维沙利亚,VIS,
北美洲,美国,Walla Walla,瓦拉瓦,ALW,
北美洲,美国,Washington,华盛顿,WAS,
北美洲,美国,Washington Dulles,华盛顿（杜勒斯机场）,IAD,
北美洲,美国,Washington Ronald,华盛顿（罗纳德机场）,DCA,
北美洲,美国,Waterloo,沃特卢,ALO,
北美洲,美国,Watertown,沃特敦,ATY,
北美洲,美国,Wausau,沃沙,CWA,
北美洲,美国,Wenatchee,韦纳奇,EAT,
北美洲,美国,West Palm Beach,西棕榈滩,PBI,
北美洲,美国,Westchester County,威斯特郡,HPN,
北美洲,美国,White Plains,白平原,HPN,
北美洲,美国,Wichita,威奇塔,ICT,
北美洲,美国,Wilkes-Barre,威尔克斯—巴里,AVP,
北美洲,加拿大,Windsor,温莎,YQG,
北美洲,加拿大,Winnipeg,温尼贝格,YWG,
北美洲,美国,Yakima,雅吉瓦,YKM,
北美洲,美国,Youngstown,扬斯敦,YNG,
北美洲,美国,Yuma,优马,YUM,
北美洲,美国,El Paso International Airport,埃尔帕索机场,ELP,
非洲,冈比亚,Banjul International Airport,班珠尔机场,BJL,
非洲,布隆迪,Bujumbura International Airport,布琼布拉机场,BJM,